epoch,step,train_accuracy,train_loss,val_accuracy,val_loss,phdim_0,e_alpha
0,6,4.000000158945719,6436.3763427734375,7.059649378061295,3360.794677734375,,
1,12,9.133333712816238,3051.930908203125,9.038596600294111,2806.76611328125,,
2,18,9.466667100787165,2475.4156901041665,8.201754838228226,1990.643798828125,,
3,24,8.866667002439499,1717.394287109375,7.492982596158981,1488.3760986328125,,
4,30,7.733333669602871,1371.8634236653645,7.780701667070389,1308.5296630859375,,
5,36,8.300000242888927,1202.9754231770833,8.617544174194336,1144.677490234375,,
6,42,9.333333869775135,1037.894551595052,9.219298511743546,1000.9591064453124,,
7,48,10.100000351667402,913.7777404785154,9.426315873861313,908.9172973632812,,
8,54,10.333333661158878,831.199228922526,9.63333323597908,839.94091796875,,
9,60,10.466667264699936,761.0345560709634,9.885965287685394,776.9893798828125,,
10,66,10.266667107741036,699.9383544921875,9.929824620485306,725.49658203125,,
11,72,10.000000397364298,650.2965291341146,9.880702197551727,682.2767333984375,,
12,78,10.066667074958485,606.8975524902343,9.977193176746368,642.8858032226562,,
13,84,10.400000462929407,568.0208638509114,10.14210507273674,607.7734985351562,,
14,90,10.266667107741036,533.7273966471354,10.217543691396711,576.1807861328125,,
15,96,10.533333818117775,503.0360870361327,10.212280601263046,547.7806396484375,,
16,102,10.466667140523592,475.1315612792968,10.28771921992302,522.3350830078125,,
17,108,10.500000417232512,450.22525024414057,10.336842387914658,499.0001220703125,,
18,114,10.633333896597224,427.5362548828125,10.405263304710388,477.5944519042969,,
19,120,10.90000048279762,406.8667856852213,10.468421131372452,457.9734497070313,,
20,126,10.933333635330198,387.8167826334635,10.494737327098846,439.93695068359375,,
21,132,10.933333759506542,370.34658304850257,10.507017374038696,423.1910095214844,,
22,138,10.866667330265043,354.1167856852213,10.531578958034515,407.6559753417969,,
23,144,10.766667127609251,339.0101521809896,10.617543756961824,393.0100708007813,,
24,150,10.833333929379782,325.08976745605463,10.57017594575882,379.3219299316406,,
25,156,10.700000450015066,312.1051534016927,10.601754486560822,366.5509643554688,,
26,162,10.733333850900332,299.8545277913411,10.689473897218704,354.5131225585937,,
27,168,10.733333975076674,288.4341278076172,10.778947174549105,343.0823974609375,,
28,174,10.866667081912356,277.6888275146484,10.785964876413344,332.4024658203125,,
29,180,10.70000057419141,267.571538289388,10.817544162273409,322.38140869140625,,
30,186,10.8666672060887,258.1028671264648,10.9175443649292,312.7555236816406,,
31,192,10.866667081912356,249.11785888671875,10.99824607372284,303.8031311035156,,
32,198,10.933333759506542,240.79232025146484,11.105263233184814,295.2119140625,,
33,204,10.900000606973965,232.88637034098304,11.092982441186903,287.0116577148437,,
34,210,10.766667251785597,225.28272501627603,11.152631789445875,279.25006103515625,,
35,216,10.96666728456815,218.14076741536456,11.108772456645966,271.8335876464844,,
36,222,10.933333883682886,211.2999420166016,11.091228574514387,264.68316650390625,,
37,228,11.13333391646544,204.80478159586585,11.085964739322662,257.8243408203125,,
38,234,11.26666727165381,198.5938034057617,11.112280935049055,251.2691650390625,,
39,240,11.200000594059626,192.6745096842448,11.1350879073143,244.9541015625,,
40,246,11.033333589633305,187.01136016845703,11.154386401176453,238.9445037841797,,
41,252,11.133333668112751,181.6319732666016,11.207018047571182,233.17803955078125,,
42,258,11.200000594059626,176.50218200683594,11.15964949131012,227.6645355224609,,
43,264,11.03333383798599,171.54365030924475,11.115789413452148,222.35287475585935,,
44,270,11.266667395830154,166.84358978271482,11.128070205450058,217.2826995849609,,
45,276,11.20000071823597,162.3758595784505,11.150877177715302,212.34051513671875,,
46,282,11.000000685453417,157.9984385172526,11.163157969713213,207.62762451171875,,
47,288,11.066667238871256,153.83311971028644,11.170175671577454,203.02610778808597,,
48,294,11.200000469883282,149.83140055338538,11.196491122245789,198.59158325195312,,
49,300,11.133333668112751,145.992067972819,11.226315796375276,194.2745819091797,,
50,306,11.10000026722749,142.28729756673175,11.196491122245789,190.1261138916016,,
51,312,11.033333962162336,138.68110402425128,11.21578961610794,186.1209716796875,,
52,318,10.733333850900332,135.25553385416663,11.249122768640518,182.19471740722656,,
53,324,10.800000404318173,131.8822504679362,11.247368901968002,178.43763732910156,,
54,330,10.966667160391806,128.66794967651367,11.291228234767914,174.7742919921875,,
55,336,11.000000437100727,125.55202484130857,11.26842126250267,171.24697875976562,,
56,342,11.100000391403832,122.54343541463214,11.278947442770004,167.84884643554688,,
57,348,10.90000035862128,119.64432525634766,11.291228234767914,164.56906127929688,,
58,354,11.000000437100727,116.86999003092448,11.29649132490158,161.43809509277344,,
59,360,11.03333383798599,114.19684600830078,11.331579089164734,158.39271545410156,,
60,366,10.8666672060887,111.64026006062824,11.315789818763731,155.3797607421875,,
61,372,10.80000065267086,109.15024439493811,11.354386061429976,152.54144287109375,,
62,378,11.033333837985992,106.72978210449216,11.359649151563644,149.73268127441406,,
63,384,10.933333883682886,104.42554346720377,11.364912241697311,146.9966278076172,,
64,390,11.033333962162336,102.1576410929362,11.403509229421616,144.3539581298828,,
65,396,10.966667036215462,99.96333694458008,11.396491527557371,141.77833557128906,,
66,402,11.266667147477468,97.86175155639648,11.424561589956284,139.29403686523438,,
67,408,11.166667068998018,95.79678726196288,11.387719213962557,136.84365844726562,,
68,414,11.26666689912478,93.81672286987305,11.403509229421616,134.477783203125,,
69,420,11.300000424186388,91.89724349975585,11.36140376329422,132.2241973876953,,
70,426,11.433333655198414,90.01164881388347,11.3052636384964,129.9410858154297,,
71,432,11.600000535448393,88.20442454020181,11.326315999031069,127.78842163085938,,
72,438,11.500000456968944,86.44154739379883,11.326315999031069,125.6606903076172,,
73,444,11.500000581145288,84.73649088541666,11.329824477434158,123.5889129638672,,
74,450,11.533333733677862,83.07528813680013,11.303509026765823,121.60589599609376,,
75,456,11.500000581145288,81.48144276936848,11.319298297166824,119.68543243408205,,
76,462,11.633333812157312,79.93388493855795,11.319298297166824,117.79278564453124,,
77,468,11.633333687980969,78.42481104532877,11.319298297166824,115.9522933959961,,
78,474,11.53333360950152,76.97279103597003,11.282456666231155,114.1757583618164,,
79,480,11.566667382915814,75.56852213541667,11.271929740905762,112.4243392944336,,
80,486,11.566667134563126,74.21360651652017,11.257895082235336,110.7031707763672,,
81,492,11.66666733721892,72.88959376017252,11.28070205450058,109.05876922607422,,
82,498,11.50000045696894,71.60361099243164,11.278947442770004,107.47132873535156,,
83,504,11.433333779374758,70.35690561930338,11.271929740905762,105.9173355102539,3.232731342315674,12.315994
84,510,11.700000489751496,69.12846247355142,11.3210529088974,104.3322296142578,3.253513813018799,11.631705
85,516,11.466667304436363,67.94576772054036,11.291228234767914,102.8705596923828,3.616234540939331,11.41719
86,522,11.46666718026002,66.80580266316731,11.294736713171003,101.38661193847656,3.5698142051696777,10.922884
87,528,11.56666725873947,65.66629282633463,11.291228234767914,99.97237396240234,3.6956191062927246,10.494687
88,534,11.600000411272047,64.5951182047526,11.26491278409958,98.60980987548828,3.5984277725219727,10.211923
89,540,11.500000581145285,63.50937207539876,11.231578886508942,97.18782806396484,3.557811498641968,10.174326
90,546,11.333333949247995,62.46615918477376,11.257895082235336,95.84969329833984,3.889122486114502,9.987887
91,552,11.233333870768544,61.435050328572586,11.259648948907852,94.53112030029295,3.80379056930542,9.787773
92,558,11.26666727165381,60.432906468709305,11.26491278409958,93.24591064453124,3.6530370712280273,9.551759
93,564,11.366667225956917,59.455477396647126,11.259648948907852,91.99849700927734,3.86440634727478,9.418822
94,570,11.40000062684218,58.50189526875813,11.235088109970093,90.76106262207033,3.947340726852417,9.384658
95,576,11.466667304436363,57.55599912007649,11.219298094511032,89.5560302734375,4.322828769683838,9.230517
96,582,11.500000581145285,56.65870793660481,11.201754212379456,88.37267303466797,3.923486232757568,9.2067585
97,588,11.500000456968944,55.77367337544759,11.192982643842695,87.22781372070312,4.17669153213501,8.804956
98,594,11.56666725873947,54.90775871276855,11.25263199210167,86.10787200927734,4.480178356170654,8.72571
99,600,11.600000535448393,54.06099700927733,11.198245733976364,85.00613403320312,4.477223873138428,8.696768
100,606,11.533333733677862,53.23952992757161,11.15964949131012,83.90001678466797,4.69347095489502,8.514888
102,618,11.733334014813105,51.6212584177653,11.122807115316393,81.77742767333984,5.049171447753906,8.238166
104,630,11.93333404759566,50.09362284342448,11.161403357982635,79.76072692871094,5.0023627281188965,8.206977
106,642,12.166667232910791,48.6271858215332,11.150877177715302,77.79987335205078,5.444769859313965,7.820001
108,654,12.166667232910791,47.21752103169759,11.136842519044876,75.93444061279297,6.450363159179688,7.4566445
110,666,12.2000007579724,45.860219319661454,11.115789413452148,74.112060546875,6.271870136260986,7.2035913
112,678,12.366667265693348,44.57247352600098,11.145614087581636,72.36792755126953,7.664471626281738,6.8547688
114,690,12.300000463922816,43.353232065836586,11.101754754781725,70.71685791015625,8.70151424407959,6.7905626
116,702,12.366667017340658,42.16919072469076,11.064912378787994,69.10021209716797,9.05495262145996,6.2873654
118,714,12.26666693886121,41.03611818949382,11.045613884925842,67.54084777832031,11.323882102966309,6.442875
120,726,12.266667063037554,39.9616502126058,11.005263030529022,66.06182861328125,20.57599258422852,6.3859873
122,738,12.233333786328632,38.91846148173014,11.00175455212593,64.64298248291016,38.3891487121582,6.165694
124,750,12.100000431140264,37.90272013346353,10.98596528172493,63.256195068359375,23.52899932861328,5.9598193
126,762,11.96666732430458,36.93169593811035,10.968421399593351,61.88639831542969,56.86032485961914,5.9843516
128,774,12.066667030255,35.99011103312174,10.9175443649292,60.6054573059082,128.0138397216797,5.7931037
130,786,12.000000476837156,35.08271853129069,10.889473557472227,59.30063247680664,32.651180267333984,5.83318
132,798,12.06666715443134,34.20520782470703,10.894737392663956,58.07683181762695,17.62705421447754,5.807922
134,810,11.933333923419315,33.36267598470052,10.903508961200714,56.90714645385742,13.59943675994873,5.894767
136,822,11.833333844939869,32.548180898030594,10.891228169202805,55.77044677734375,12.330658912658691,5.911514
138,834,11.900000522534052,31.764801025390625,10.919298231601717,54.64969253540039,9.379108428955078,5.957267
140,846,11.83333396911621,31.003118197123207,10.938596725463867,53.59150314331055,7.554678440093994,5.675985
142,858,11.80000031987826,30.265767097473145,10.975439101457596,52.5380744934082,8.095885276794434,5.6258154
144,870,11.800000444054602,29.55971240997314,10.980702191591265,51.53861618041992,7.939683437347412,5.4149146
146,882,11.900000522534052,28.87282085418701,10.97368448972702,50.54292678833008,8.185341835021973,5.346179
148,894,11.966667075951891,28.203911463419598,10.97368448972702,49.586856842041016,7.330726623535156,5.215785
150,906,12.133334080378214,27.565704981486,10.94561442732811,48.66478729248047,8.220853805541992,5.0537634
153,924,12.233333910504976,26.65711625417073,10.97017526626587,47.366455078125,9.164432525634766,4.7315435
156,942,11.96666732430458,25.790044148763016,10.99824607372284,46.13076400756836,9.1980562210083,4.45955
159,960,11.96666720012824,24.970472971598305,11.003509163856506,44.96088409423828,13.282425880432127,4.2461615
162,978,12.06666715443134,24.18061256408691,11.01403534412384,43.829322814941406,20.86049461364746,3.8629332
165,996,11.96666732430458,23.436938603719074,11.087719351053238,42.74655532836914,26.918062210083008,3.6754332
168,1014,12.0000006010135,22.72037919362386,11.11052632331848,41.71393585205078,20.75951766967773,3.3995447
171,1032,12.066667154431345,22.028168996175133,11.098245531320572,40.716941833496094,15.545372009277344,3.462045
174,1050,12.100000431140264,21.37572574615478,11.138596385717392,39.76171112060547,21.93295669555664,3.1017992
177,1068,12.166667357087134,20.74558957417806,11.149123311042786,38.83577728271485,17.18825912475586,3.0102925
180,1086,12.266667187213896,20.14476140340169,11.205263435840608,37.96180725097656,24.153230667114254,2.9325364
183,1104,12.266667063037554,19.56648540496826,11.24035120010376,37.09967041015625,19.1900634765625,2.5878243
186,1122,12.600000326832136,19.01210085550944,11.26842126250267,36.267127990722656,40.92464447021485,2.5165937
189,1140,12.566667174299557,18.474550247192383,11.298245936632156,35.464569091796875,40.80163192749024,2.4027588
192,1158,12.533333773414292,17.95184008280436,11.294736713171003,34.6642951965332,162.9617919921875,2.6360726
195,1176,12.533334145943323,17.46088377634684,11.331579089164734,33.91047668457031,123.73688507080078,2.5379128
198,1194,12.566667050123216,16.976008733113606,11.37368455529213,33.16876983642578,34.64325714111328,2.4401639
201,1212,12.53333402176698,16.505287011464436,11.419298499822617,32.434017181396484,10.798622131347656,2.2446377
205,1236,12.700000529487928,15.906183242797852,11.350877583026886,31.478946685791016,6.879225730895996,2.0897186
209,1260,12.600000699361166,15.337979316711424,11.38596534729004,30.58952522277832,6.781604290008545,2.31217
213,1284,12.400000418225924,14.796010971069334,11.357895284891129,29.74700736999512,5.4425883293151855,2.198538
217,1308,12.766667331258455,14.27895212173462,11.37719303369522,28.92346954345703,5.109647274017334,2.126447
221,1332,12.93333371480306,13.786286036173502,11.42631620168686,28.11550712585449,3.847708225250244,1.9409395
225,1356,13.033333917458853,13.312248547871906,11.415790021419523,27.357328414916992,3.0263335704803467,1.7494087
229,1380,13.40000033378601,12.864989757537838,11.464912444353104,26.637374877929688,3.0560147762298584,1.7472038
233,1404,13.366667305429775,12.43532371520996,11.46666705608368,25.94896125793457,2.664345026016236,1.7349375
237,1428,13.400000830491384,12.025303363800049,11.438596993684769,25.284948348999023,3.024985313415528,1.7181908
241,1452,13.333334028720852,11.630876382191977,11.447368562221529,24.626842498779297,3.948870897293091,1.9148324
245,1476,13.400000954667728,11.249764919281006,11.410526186227798,23.99467086791992,5.684454917907715,2.0657206
249,1500,13.400000582138697,10.881666183471678,11.424561589956284,23.371902465820312,8.449753761291504,2.0254178
253,1524,13.600000739097595,10.52460749944051,11.400000005960464,22.78078269958496,75.30602264404297,2.0594068
258,1554,13.7000006934007,10.101287841796877,11.464912444353104,22.063692092895508,22.55529022216797,1.9864738
263,1584,13.80000039935112,9.699941158294678,11.524561792612076,21.384754180908203,56.97966766357422,2.1408267
268,1614,13.766667495171228,9.32003370920817,11.477193236351011,20.72305679321289,17.522789001464844,2.183745
273,1644,13.766667246818542,8.955644925435385,11.478947848081589,20.091480255126957,12.436050415039062,1.9794984
278,1674,14.133333538969357,8.609277248382568,11.514035612344742,19.488357543945312,164.60812377929688,1.8403739
283,1704,14.366667469342548,8.278959433237711,11.533333361148834,18.916719436645508,13.115665435791016,1.9431057
288,1734,14.566667626301449,7.968371073404947,11.536842584609984,18.367589950561523,19.717121124267575,1.8917398
293,1764,14.533333977063496,7.671610196431477,11.570175737142565,17.851768493652344,59.82465362548828,1.7888803
298,1794,14.700000608960789,7.388369719187418,11.559649556875229,17.35186195373535,17.640399932861328,1.7465281
303,1824,14.733334134022394,7.121029535929361,11.55087724328041,16.880159378051758,15.931358337402344,1.8974166
309,1860,14.600000654657682,6.816083431243895,11.621052771806715,16.326505661010742,5.598145961761475,1.6840281
315,1896,14.366667469342548,6.527093251546224,11.568421125411987,15.798757553100586,8.008356094360352,1.7556698
321,1932,14.20000046491623,6.253163814544678,11.649122834205627,15.302434921264648,10.053799629211426,1.3791335
327,1968,14.3333338201046,5.992125352223714,11.705263704061508,14.816466331481934,15.139543533325195,1.2449919
333,2004,14.3333338201046,5.745634714762369,11.77368462085724,14.356893539428713,10.581256866455078,1.1066531
339,2040,14.2666673908631,5.506579955418904,11.815789341926576,13.917070388793944,10.777203559875488,1.3287722
345,2076,14.300000667572018,5.282185872395833,11.88245639204979,13.50041389465332,21.510303497314453,1.1009126
351,2112,14.466667423645656,5.068057219187418,11.8947371840477,13.100468635559082,66.95250701904297,0.99265945
358,2154,14.333334068457283,4.833311716715494,11.9105264544487,12.65866756439209,6.315377712249756,0.7500458
365,2196,14.366667220989862,4.612229108810424,11.901754885911942,12.240558624267578,4.350757598876953,0.80361646
372,2238,14.733334134022394,4.405464092890421,11.931578814983368,11.852155685424805,4.026337623596191,0.9207102
379,2280,14.866667489210764,4.208929618199666,11.961403489112854,11.483146667480469,3.6449482440948486,0.743109
386,2322,15.100000674525896,4.025766054789226,12.05614060163498,11.136250495910645,3.828634977340698,0.71722066
393,2364,15.033333996931711,3.850940664609273,12.129824608564377,10.807347297668455,4.256772518157959,0.805609
400,2406,15.066667646169662,3.6866542498270665,12.138596922159197,10.482230186462402,2.840197324752808,0.83994496
408,2454,14.90000089009603,3.5063304901123047,12.19298243522644,10.136810302734377,2.191822290420532,1.0387912
416,2502,14.833334336678185,3.3367792765299478,12.278947234153748,9.7989501953125,2.499608993530273,1.1293843
424,2550,14.966667195161182,3.178187608718872,12.294737249612808,9.479887008666992,2.8985965251922607,1.2119478
432,2598,15.400000661611555,3.026842037836711,12.340351194143295,9.169001579284668,3.0248162746429443,1.1036947
440,2646,15.20000050465266,2.8841622670491533,12.466666847467422,8.877738952636719,3.349681854248047,0.7653063
448,2694,15.466667215029398,2.750226259231567,12.591227889060974,8.598855972290039,3.987716436386109,0.6621637
456,2742,15.7666673262914,2.624728600184123,12.656140327453612,8.341313362121582,5.597761154174805,0.9168247
465,2796,15.866667404770851,2.4909151792526245,12.749123573303224,8.056187629699707,2.949165105819702,1.0418248
474,2850,16.00000038743019,2.3648674885431924,12.857894599437714,7.788681507110596,2.4069063663482666,1.115678
483,2904,16.500001152356464,2.245331565539042,12.959648668766022,7.537300109863281,1.588586926460266,1.0584437
492,2958,16.43333410223325,2.13336185614268,13.040350377559662,7.295487880706787,1.9023616313934328,1.0928504
501,3012,16.6000006099542,2.028531690438588,13.152632117271423,7.073079109191895,1.2239439487457275,1.33745
511,3072,17.03333407640457,1.9190440575281773,13.247369229793549,6.833506107330322,1.2265692949295044,1.3595974
521,3132,17.50000094374021,1.817377388477325,13.310526311397552,6.613729953765869,1.276421308517456,1.5160985
531,3192,17.600000898043312,1.7209127942721043,13.487718999385834,6.403591156005859,1.280242085456848,1.553404
541,3252,18.033334116141,1.6320906082789102,13.596491515636444,6.203540325164795,1.5516939163208008,1.3659041
551,3312,17.933334161837898,1.5486869812011717,13.71052712202072,6.0207295417785645,1.4777649641036987,1.2871593
562,3378,17.866667360067368,1.4633707404136655,13.740351796150208,5.824013233184815,1.19135582447052,1.2951758
573,3444,18.00000096360842,1.382795015970866,13.849122822284698,5.642390727996826,1.0848511457443235,1.4093815
584,3510,18.466667582591374,1.308994670708974,14.015789330005646,5.472618103027344,1.1430155038833618,1.2843814
595,3576,18.866667399803795,1.2390243411064148,14.149123430252075,5.308537006378174,1.224679708480835,0.9917462
606,3642,19.033333907524742,1.173679490884145,14.282456040382383,5.154566764831543,1.225324273109436,0.89774513
618,3714,19.533334175745644,1.106972853342692,14.508771896362305,4.991644859313965,1.1428390741348269,0.5410738
630,3786,20.033334443966545,1.045986791451772,14.673684537410736,4.840713977813721,1.013035774230957,0.33881956
642,3858,20.36666795611381,0.9875236054261524,14.85789567232132,4.694128513336182,2.724251508712769,0.21559311
654,3930,20.93333452939987,0.9333404799302418,15.085965394973757,4.54848575592041,4.67582893371582,0.15088835
667,4008,21.13333468635877,0.8782138725121815,15.291228890419006,4.408267498016357,3.261784315109253,0.15088835
680,4086,21.400001396735508,0.8283359507719675,15.456140041351318,4.2793450355529785,1.8788708448410036,0.15088835
693,4164,22.10000082850456,0.7813488344351449,15.735088288784029,4.159322261810303,72.42740631103516,0.088388346
706,4242,22.266667336225503,0.7375926971435546,15.95614105463028,4.04491138458252,9.972890853881836,0.088388346
720,4326,23.333334426085152,0.6936761637528737,16.189473867416382,3.927186727523804,42.471153259277344,0.25914153
734,4410,23.90000099937121,0.6524967849254608,16.498245298862457,3.8119051456451416,6.166261672973633,0.13385838
748,4494,24.366667370001476,0.6141646901766459,16.801755130290985,3.706653833389282,3.173708915710449,0.3304999
762,4578,24.9333344399929,0.578658789396286,16.994737088680267,3.60373330116272,3.202996015548706,0.6414181
777,4668,25.500001261631645,0.542940596739451,17.133334279060364,3.5018742084503174,3.3775906562805176,0.5438883
792,4758,26.4666681488355,0.5098514308532078,17.410527169704437,3.4029836654663086,1.3983951807022097,0.6836425
807,4848,26.90000186363856,0.4789257645606994,17.64736920595169,3.307866096496582,0.7498676776885986,0.9552096
823,4944,28.06666741768519,0.4486600557963052,17.973683774471283,3.2131271362304688,0.7595897316932678,0.90973955
839,5040,28.43333433071772,0.4198985944191614,18.163157999515533,3.124988555908203,1.1834396123886108,0.75885123
855,5136,29.233334958553318,0.393512671192487,18.470175564289093,3.0416078567504883,1.2857673168182373,0.71309805
872,5238,30.000001192092896,0.3679686238368352,18.78245621919632,2.960013628005981,1.2880538702011108,0.46309808
889,5340,31.466668844223022,0.3445903956890106,19.043859839439392,2.881695032119751,2.2166874408721924,0.4984182
906,5442,33.100002010663346,0.3224916408459345,19.25438642501831,2.8077232837677,178.10238647460938,0.4725299
924,5550,33.66666883230209,0.3015151719252268,19.63859647512436,2.7326948642730717,21.054533004760746,0.3216415
942,5658,34.7333346803983,0.2813060929377873,20.07192969322205,2.6640350818634038,3.733935832977295,0.36648148
960,5766,35.50000190734863,0.2631584008534749,20.4473689198494,2.596464872360229,5.2509965896606445,0.088388346
979,5880,37.06666827201843,0.2455872024099031,20.921052992343903,2.5310394763946533,2.3863930702209477,0.20578304
998,5994,38.36666792631149,0.2294867932796478,21.16491198539734,2.468050956726074,2.638953685760498,0.22252986
1017,6108,39.800001680850976,0.2149867514769236,21.856141090393063,2.4081122875213623,1.4719653129577637,0.37341824
1037,6228,41.06666892766951,0.2011690735816955,22.0368430018425,2.3486075401306152,0.8197242021560669,0.7628825
1057,6348,42.06666847070058,0.1876965736349423,22.45965003967285,2.290467977523804,0.8717132210731506,0.7628825
1078,6474,44.0666690468788,0.1750922823945681,23.10701757669449,2.2328662872314453,0.6979833245277405,1.0570539
1099,6600,45.333335300286606,0.1638564815123875,23.454385995864868,2.1799676418304443,0.6133539080619812,0.88027716
1120,6726,47.23333517710368,0.1537146071592966,23.922806978225708,2.12894344329834,0.7598394751548767,0.69817775
1142,6858,48.83333643277486,0.1439837291836738,24.538597464561462,2.078476905822754,1.0820239782333374,0.5955373
1164,6990,51.1333351333936,0.1351382061839103,24.77543950080872,2.0322930812835693,4.058272838592529,0.2846191
1187,7128,53.13333670298258,0.126780000825723,25.62631666660309,1.9867364168167116,2.007195949554444,0.569649
1210,7266,54.16666865348816,0.1194709800183773,25.975438952445984,1.943394660949707,5.496560573577881,0.23545796
1234,7410,56.73333605130513,0.1120808360477288,26.564913988113403,1.900364637374878,0.6252349019050598,0.553903
1258,7554,58.0666700998942,0.1058039094010988,27.257895469665527,1.8586640357971191,1.1184072494506836,0.569649
1283,7704,59.06666914621989,0.1000868727763493,27.961403131484985,1.8194047212600708,0.8023119568824768,0.56624097
1308,7854,61.00000341733297,0.0943025859693686,28.501754999160767,1.7802122831344604,1.2316913604736328,0.4131479
1334,8010,63.200002908706665,0.089032510916392,29.335087537765503,1.742156744003296,0.7755594849586487,0.29575318
1360,8166,65.30000368754068,0.0843953614433606,29.71579134464264,1.706889510154724,15.185338973999023,0.1875
1387,8328,66.63333674271901,0.0799523703753948,30.638596415519714,1.672936201095581,1.5953538417816162,0.37300742
1414,8490,68.7000036239624,0.0759274015824,31.340351700782776,1.6374071836471558,0.4701334536075592,0.7316714
1442,8658,70.43333649635315,0.0722114977737267,32.00526237487793,1.6063779592514038,1.0106139183044434,0.4816714
1470,8826,72.1666693687439,0.0688707567751407,32.277193665504456,1.5745915174484253,0.946045458316803,0.49081293
1499,9000,73.2000042994817,0.0657026792565981,33.933332562446594,1.542974591255188,3.3370254039764404,0.50444174
1528,9174,74.80000257492064,0.0625095081826051,34.349122643470764,1.5141406059265137,0.5435762405395508,0.61269486
1558,9354,76.70000294844309,0.0597188329945007,34.92807149887085,1.4842783212661743,0.4958023130893707,0.5609182
1589,9540,78.03333699703217,0.0572793148458004,35.66315770149231,1.4550588130950928,0.4659859836101532,0.57766503
1620,9726,79.36667104562123,0.0547839533537626,36.70701682567597,1.425784945487976,0.401182621717453,0.5457532
1652,9918,80.5666704972585,0.0524185510973135,38.04035186767578,1.3975340127944946,0.8271552324295044,0.48325318
1685,10116,81.53333763281503,0.050539519637823,39.359650015830994,1.3690791130065918,0.7551126480102539,0.61427665
1718,10314,82.36667017141977,0.0481603238731622,39.66842293739319,1.3462588787078855,2.712890625,0.27588835
1752,10518,83.9666704336802,0.0461861652632554,40.68947434425354,1.3192505836486816,1.895976185798645,0.25
1787,10728,85.23333768049875,0.0440910036365191,41.02631509304047,1.2943410873413086,1.4122713804244995,0.44282275
1822,10938,86.23333772023518,0.0421474346270163,42.15614199638367,1.2706148624420166,2.539238452911377,1.0245187
1858,11154,86.83333694934844,0.0451241297026475,43.08947324752808,1.2370675802230835,4.933309078216553,1.2420746
1895,11376,87.60000467300415,0.0388730404277642,43.91228258609772,1.216704249382019,3.0861098766326904,1.2741704
1932,11598,88.50000500679015,0.0369782665123542,45.18772065639496,1.193642258644104,1.934450626373291,1.1949235
1970,11826,89.600004752477,0.035467192530632,45.87894678115845,1.1730247735977173,6.17725133895874,0.34150636
2009,12060,90.36667148272196,0.0341711696237325,47.11052775382996,1.145183563232422,3.595252275466919,0.3017767
2049,12300,90.80000420411427,0.0325478309144576,47.84736931324005,1.1291720867156982,1.7504726648330688,0.4160534
2089,12540,91.63333773612976,0.0325330775231122,48.46842288970947,1.1013044118881226,44.96757507324219,2.4665408
2130,12786,92.36667156219482,0.0288728727027773,49.62982535362244,1.0784977674484253,21.73406410217285,3.0564258
2172,13038,92.76667237281796,0.0287310999507705,50.7122814655304,1.05689799785614,23.02373504638672,1.7052231
2215,13296,93.60000491142272,0.0263576253006855,51.822805404663086,1.036726951599121,5.201470375061035,2.63022
2259,13560,93.86667112509409,0.0258925268426537,52.53158211708069,1.00631582736969,6.470086097717285,3.2035353
2304,13830,94.500004251798,0.0233913886671264,53.42982411384583,0.9808955788612366,8.778863906860352,3.8178847
2350,14106,94.66667075951894,0.02329909025381,54.482460021972656,0.9594575762748718,13.9176664352417,4.761682
2397,14388,95.2666699886322,0.0227508557339509,55.71579337120056,0.9374019503593444,6.281539916992188,4.453381
2444,14670,95.63333690166472,0.0194316056246558,56.570178270339966,0.9080260992050172,3.1227147579193115,5.6177616
2492,14958,95.93333701292671,0.0184362499664227,56.63333535194397,0.8982463479042053,4.455312728881836,4.087698
2541,15252,96.30000392595926,0.0204502095778783,57.95789361000061,0.8452919721603394,8.071821212768555,5.9800887
2591,15552,96.86667124430338,0.0165001087201138,58.35789442062378,0.8406554460525513,1963.3570556640625,7.401329
2642,15858,97.06667164961496,0.0157149305256704,59.073686599731445,0.8045263886451721,18.19585227966309,7.046016
2694,16170,97.46667047341664,0.0145391469510893,59.58947539329529,0.7947391271591187,5.29992151260376,6.1569333
2747,16488,97.8666712840398,0.0137328960311909,60.329824686050415,0.7548096179962158,3.67984676361084,5.5903344
2801,16812,97.96667098999023,0.0132290385663509,60.87368726730347,0.7302671670913696,8.283956527709961,8.345097
2857,17148,98.03333779176076,0.0123596630680064,61.33333444595337,0.708114743232727,13.978553771972656,7.440718
2914,17490,98.16666940848032,0.0113184289075434,62.33508586883545,0.6715948581695557,6.109394073486328,9.112407
2972,17838,98.4666715065638,0.0099203597443799,62.82456517219544,0.6437343955039978,7.587389945983887,10.0207815
3031,18192,98.40000371138254,0.0101758268040915,63.28947544097901,0.6046510934829712,8.766111373901367,8.236754
3091,18552,98.60000511010486,0.0095390817150473,63.65965008735657,0.5787237286567688,11.496439933776855,9.97587
3152,18918,98.73333772023518,0.0093089235015213,64.23158049583435,0.556277871131897,8.085034370422363,8.856461
3215,19296,98.7666716178258,0.008443377756824,64.54210877418518,0.5247641205787659,5.650162696838379,10.715843
3279,19680,98.76667161782582,0.0077804726703713,65.1578962802887,0.4975536167621612,7.182423114776611,11.043159
3344,20070,98.70000382264452,0.0082108728432406,65.6631588935852,0.4767798185348511,25.77288627624512,8.426949
3410,20466,98.93333911895752,0.0068344561538348,66.00701808929443,0.4488630294799804,31.25469970703125,11.023831
3478,20874,99.03333783149716,0.0067951979581266,66.58421158790588,0.4250246584415436,6.883584022521973,10.826185
3547,21288,99.10000363985696,0.0059638442471623,66.85263514518738,0.3978873789310455,7.460946559906006,12.641449
3617,21708,99.23333823680876,0.0058777166220049,67.45263338088989,0.3722129464149475,11.564973831176758,11.7736225
3689,22140,99.23333923021951,0.004942977723355,67.59123206138611,0.3518047928810119,3.847799062728882,10.213453
3762,22578,99.26667014757793,0.0045552532343814,68.00175309181213,0.3309150338172912,4.619235038757324,10.485056
3837,23028,99.30000404516856,0.0046731604573627,68.6701774597168,0.3092856705188751,3.9190514087677,11.506778
3913,23484,99.30000404516856,0.0039016931162526,69.0333366394043,0.2952035665512085,3.160935163497925,11.322281
3991,23952,99.3000050385793,0.0037755583180114,69.48947310447693,0.2751757204532623,3.792283058166504,10.528223
4070,24426,99.36666985352834,0.0035553538861374,70.02456188201904,0.2574585080146789,6.43991231918335,11.379689
4151,24912,99.36666985352834,0.0034990257893999,70.13333439826965,0.2438271641731262,6.721745491027832,10.960223
4234,25410,99.40000375111896,0.0028286354305843,70.6333339214325,0.2240937203168869,8.68250560760498,11.5880165
4318,25914,99.46667154630023,0.0024117250383521,71.06842398643494,0.2066539376974105,4.2977471351623535,12.706494
4404,26430,99.50000345706938,0.0023926254167842,71.4526355266571,0.1949343234300613,6.417088508605957,11.340546
4492,26958,99.53333735466003,0.0024648611433804,71.62105441093445,0.1824262589216232,6.713160037994385,11.332447
4581,27492,99.56667025883992,0.0021728221327066,72.00877070426941,0.1689279377460479,7.2129411697387695,10.229424
4672,28038,99.6000031630198,0.0018035786730858,72.18070030212402,0.1619868874549865,7.482529163360596,11.272556
4765,28596,99.6000031630198,0.0017005741246975,72.2947359085083,0.1512367129325866,13.825566291809082,12.521528
4860,29166,99.6666689713796,0.0016477194343072,72.51403331756592,0.1437721699476242,4.894635677337647,11.017115
4957,29748,99.70000286897024,0.0013095593700806,72.58596420288086,0.1363562196493148,17.211864471435547,11.952523
5056,30342,99.70000286897024,0.0012437074328772,72.97894954681396,0.1276317536830902,5.4309797286987305,10.90056
5157,30948,99.73333676656088,0.001068055484211,73.13860058784485,0.1231066361069679,5.041516780853272,12.540156
5260,31566,99.73333577315012,0.0010426593071315,73.3859658241272,0.1159036755561828,6.351560115814209,11.7795925
5365,32196,99.76666967074075,0.0009145341852369,73.4157919883728,0.1099869906902313,6.721745491027832,11.741969
5472,32838,99.80000257492064,0.0007863837721136,73.66140484809875,0.1050097718834877,8.131024360656738,12.1708355
5581,33492,99.8000015815099,0.0006834509695181,74.04210567474365,0.0998273715376854,7.041829109191895,12.515917
5692,34158,99.8000015815099,0.000740691704171,74.34210777282715,0.096468299627304,7.841497898101807,11.979045
5805,34836,99.83333547910054,0.0007031143225807,74.48421120643616,0.0920397862792015,23.200727462768555,11.662958
5921,35532,99.83333547910054,0.00059336485477,74.56315755844116,0.0881064385175705,10.746633529663086,11.8343525
6039,36240,99.8333344856898,0.0005848527071066,74.96315836906433,0.0863014757633209,9.633601188659668,11.53529
6159,36960,99.83333547910054,0.0005108655216948,74.90877509117126,0.0820537656545639,23.02373504638672,11.511133
6282,37698,99.86666838328044,0.0003934632841264,75.19474029541016,0.0798472911119461,6.157176017761231,12.721283
6407,38448,99.86666838328044,0.0004290880509264,75.38772225379944,0.0773261934518814,7.125268459320068,12.637281
6535,39216,99.86666838328044,0.0003372718347236,75.8070170879364,0.0750945284962654,10.123117446899414,11.826148
6665,39996,99.8666683832804,0.0002876661771248,75.85614323616028,0.0730188190937042,5.682077407836914,11.998618
6798,40794,99.86666838328044,0.0003162091403889,76.20701789855957,0.0695428028702735,10.566853523254396,12.137295
6933,41604,99.9000012874603,0.0003151086493744,76.29649043083191,0.0680031552910804,12.280482292175291,11.985605
7071,42432,99.90000128746031,0.0003444885320883,76.56842470169067,0.0661897212266922,14.303690910339355,10.199906
7212,43278,99.9000012874603,0.0002551294116225,76.77017450332642,0.0641596317291259,8.164837837219238,12.246721
7356,44142,99.9666670958201,0.0002339453943325,76.96841955184937,0.062528945505619,6.077496528625488,12.3339405
7503,45024,99.9666670958201,0.0002612755148826,77.09122896194458,0.0612206533551216,3.8741438388824463,12.79426
7653,45924,99.9666670958201,0.0002728247054619,77.37894654273987,0.0597574152052402,8.893363952636719,10.065907
7806,46842,99.9666670958201,0.0002006541593194,77.70175337791443,0.0586101152002811,9.004419326782227,11.233776
7962,47778,99.9666670958201,0.0001577767858786,77.80702114105225,0.0571736358106136,10.915069580078123,11.64964
8121,48732,99.9666670958201,0.0001872246320999,77.89298295974731,0.0560260340571403,4.714243412017822,14.089577
8283,49704,99.9666670958201,0.0001853246055058,78.09649109840393,0.0547354221343994,3.406040668487549,14.602424
8448,50694,99.9666670958201,0.0001646474047447,78.31228375434875,0.0539039559662342,4.800623893737793,15.360366
8616,51702,99.9666670958201,0.0001633128085813,78.31403613090515,0.0529281049966812,4.496246814727783,14.235868
8788,52734,99.9666670958201,0.0001501471694306,78.61579060554504,0.0519326291978359,4.645040988922119,13.507206
8963,53784,99.9666670958201,0.0001739820897152,78.78596782684326,0.0511727705597877,4.548580169677734,12.95274
9142,54858,99.9666670958201,0.0001108828776826,78.8754403591156,0.0502966381609439,5.3165202140808105,11.96857
9324,55950,100.0,7.421748887281865e-05,78.99473905563354,0.0492693446576595,5.599682807922363,11.482868
9510,57066,100.0,9.791035336093044e-05,79.22631502151489,0.0484376065433025,6.6547698974609375,13.952403
9700,58206,100.0,5.315919406712054e-05,79.42105531692505,0.0478518418967723,5.399311065673828,11.382923
9894,59370,100.0,8.526471477428761e-05,79.55438494682312,0.0468356348574161,9.440505981445312,11.195942
10091,60552,100.0,5.799146553423876e-05,79.57368493080139,0.0462631657719612,6.001398086547852,11.922295
10292,61758,100.0,5.2195822111874193e-05,79.74210381507874,0.0454976223409175,5.426458358764648,10.460051
10497,62988,100.0,4.93473965737697e-05,80.25438785552979,0.0450489185750484,4.474396228790283,10.760744
10706,64242,100.0,4.507438279688358e-05,80.13508915901184,0.0441759228706359,4.679588794708252,11.475009
10920,65526,100.0,3.269679109507706e-05,80.45263290405273,0.0437236055731773,5.01637601852417,12.006924
11138,66834,100.0,5.597915514954365e-05,80.66666722297668,0.0432373248040676,5.783100605010986,11.966242
11360,68166,100.0,4.848948204501842e-05,80.48421144485474,0.0424836687743663,6.944895267486572,10.751386
11587,69528,100.0,2.8706226051629827e-05,80.71579337120056,0.0419448390603065,6.779348850250244,9.38305
11818,70914,100.0,3.1535270863969345e-05,80.9000015258789,0.0414208136498928,10.15466022491455,9.924453
12054,72330,100.0,2.1701713800818347e-05,80.95614314079285,0.040976159274578,5.087316036224365,11.38619
12295,73776,100.0,2.8473592465161343e-05,81.02982640266418,0.0404226370155811,11.241082191467283,7.779742
12540,75246,100.0,3.04404769243168e-05,81.27192854881287,0.0399458520114421,7.306401252746582,9.972103
12790,76746,100.0,4.0955136986061305e-05,81.36491179466248,0.0394062176346778,4.578612804412842,12.177262
13045,78276,100.0,2.5006389781386432e-05,81.43859505653381,0.0390027053654193,10.260797500610352,10.262706
13305,79836,100.0,1.990239040120893e-05,81.48772120475769,0.0385846570134162,5.057318687438965,11.342466
13571,81432,100.0,2.781784011555525e-05,81.79649114608765,0.0381185114383697,7.631806373596191,9.842559
13842,83058,100.0,1.108996108693342e-05,81.81754350662231,0.0376987308263778,4.863811016082764,10.685349
14118,84714,100.0,2.151073961916457e-05,81.9456160068512,0.0373417474329471,5.097660064697266,11.627371
14400,86406,100.0,5.208828285200676e-05,82.04736709594727,0.0368037857115268,4.771667003631592,11.426838
14688,88134,100.0,5.903494881446628e-05,82.18947649002075,0.03641839325428,5.071799755096436,11.397823
14981,89892,100.0,1.5433497082995018e-05,82.3087751865387,0.0361789911985397,5.2112812995910645,10.079506
15280,91686,100.0,4.579534409761739e-05,82.51929879188538,0.0358557142317295,7.15875768661499,11.054234
15585,93516,100.0,3.3503386778951e-05,82.44912624359131,0.0354796946048736,7.373844623565674,9.171812
15896,95382,100.0,6.245651456993073e-05,82.57192969322205,0.0351503230631351,5.408987998962402,10.516678
16213,97284,100.0,1.505296207445402e-05,82.80526399612427,0.0347076058387756,4.426149845123291,11.166731
16537,99228,100.0,7.709586922525584e-05,83.06316137313843,0.0344581604003906,7.502508163452148,8.370483
16867,101208,100.0,2.6591484735642247e-05,83.08771848678589,0.0341157019138336,4.167718887329102,10.515129
17204,103230,100.0,1.116762617433172e-05,83.09298157691956,0.0338525027036666,3.138471841812134,13.465394
17548,105294,100.0,2.056750872725388e-05,83.20351243019104,0.0335290543735027,8.12859058380127,7.6563964
17898,107394,100.0,1.2835290363000238e-05,83.34386348724365,0.0331933498382568,4.474273681640625,10.46737
18255,109536,100.0,8.759428813694587e-06,83.44561457633972,0.0329183116555213,4.319734573364258,10.273689
18620,111726,100.0,2.9408302604376022e-05,83.54035019874573,0.0324910767376422,5.089062690734863,9.662002
18992,113958,100.0,2.2074147636885755e-05,83.638596534729,0.0322299487888813,5.534453392028809,9.227638
19371,116232,100.0,2.6314499943206705e-05,83.74035358428955,0.031893853098154,4.776843547821045,9.724021
19758,118554,100.0,6.017420067413088e-05,83.75438451766968,0.0315313301980495,6.731740474700928,9.039696
20153,120924,100.0,3.671760623547015e-05,83.90526175498962,0.031324490904808,3.631627082824707,10.008472
20556,123342,100.0,4.944884343179486e-06,84.18947458267212,0.0310583673417568,4.662851333618164,11.062195
20967,125808,100.0,9.35500626534728e-06,84.26315784454346,0.0307348687201738,4.215042591094971,11.071365
21386,128322,100.0,2.6147097135738776e-05,84.22631621360779,0.0305197015404701,5.203792572021484,9.87644
21813,130884,100.0,2.294528834075512e-05,84.57193374633789,0.0301283411681652,5.263119697570801,10.520298
22249,133500,100.0,8.61311521778892e-06,84.56491231918335,0.0298929959535598,4.526848316192627,11.101453
22693,136164,100.0,2.682273710282364e-05,84.7456157207489,0.0296158995479345,11.112305641174316,7.5731115
23146,138882,100.0,1.189971953863278e-05,84.78070497512817,0.0294014792889356,4.24302864074707,9.689041
23608,141654,100.0,1.2621097842687352e-05,84.88070368766785,0.0290701724588871,7.870278358459473,7.121684
24080,144486,100.0,2.092182239721296e-05,84.93508696556091,0.0287631377577781,4.7785234451293945,8.142223
24561,147372,100.0,1.4392269652792796e-05,84.97017621994019,0.0284940022975206,3.6226654052734375,10.6997795
25052,150318,100.0,5.194493799839014e-05,85.37895083427429,0.0280816983431577,16.128461837768555,7.052584
25553,153324,100.0,3.263413782406133e-05,85.15263199806213,0.0279027074575424,5.935387134552002,8.352714
26064,156390,100.0,5.390657634052332e-06,85.43508648872375,0.0276409853249788,5.71515703201294,8.057338
26585,159516,100.0,1.4737835954292676e-05,85.54210662841797,0.0274056140333414,4.99607515335083,9.943076
27116,162702,100.0,2.100520562938376e-05,85.6157898902893,0.0270776953548192,7.000084400177002,6.9486914
27658,165954,100.0,1.914090535137802e-05,85.64561605453491,0.0268755406141281,6.922475337982178,7.680195
28211,169272,100.0,1.8748601481396083e-05,85.70877313613892,0.0265549924224615,9.739540100097656,6.522705
28775,172656,100.0,1.8208459550805856e-05,85.77544093132019,0.0263530574738979,5.429352283477783,8.050657
29350,176106,100.0,1.7759825974887157e-05,85.9000027179718,0.0261172428727149,6.453938961029053,6.9818225
29937,179628,100.0,1.653901866423742e-05,85.92982888221741,0.0259796865284442,7.198920726776123,7.6638837
30535,183216,100.0,1.45692027520757e-05,86.04912161827087,0.0259096771478652,6.8699469566345215,6.664695
31145,186876,100.0,1.3934410314201765e-05,86.13860011100769,0.025741696357727,5.473666667938232,8.03945
31767,190608,100.0,2.097538996774044e-05,86.22807264328003,0.0256221517920494,24.61289978027344,5.804121
32402,194418,100.0,8.721387681968432e-06,86.27017736434937,0.0254975594580173,7.08437967300415,6.772072
33050,198306,100.0,1.865697989463418e-05,86.3456130027771,0.0254622865468263,19.968412399291992,4.320562
33711,202272,100.0,8.46925756074294e-06,86.36842370033264,0.0252498071640729,4.241261959075928,9.277721
34385,206316,100.0,6.465557741345643e-06,86.50000095367432,0.0251592546701431,6.451896190643311,7.4731827
35072,210438,100.0,3.847655534627847e-06,86.51227951049805,0.0250172168016433,5.792145252227783,7.331089
35773,214644,100.0,1.531496824706361e-05,86.60175800323486,0.0247047208249568,7.107552528381348,6.6025023
36488,218934,100.0,2.875061719957254e-06,86.70175671577454,0.0244219098240137,6.054690361022949,7.6279755
37217,223308,100.0,4.059727075400587e-06,86.80526614189148,0.024364236742258,5.4947052001953125,7.7349005
37961,227772,100.0,8.08764654417852e-06,87.00175285339355,0.0240887813270092,24.028627395629883,4.3881555
38720,232326,100.0,4.490635092224693e-06,86.93509101867676,0.0240772608667612,6.116044044494629,7.4139247
39494,236970,100.0,1.757827931214706e-05,87.07894682884216,0.0237590167671442,6.510927200317383,8.031002
40283,241704,100.0,1.8990726289302984e-06,87.0543897151947,0.0235567223280668,7.584567070007324,8.366591
41088,246534,100.0,6.151812764680168e-06,87.14912533760071,0.0234425291419029,27.47628402709961,5.4054794
41909,251460,100.0,1.951564960715283e-05,87.31930255889893,0.0227668136358261,19.12698173522949,6.1736364
42747,256488,100.0,4.36771847489581e-06,87.50351071357727,0.0222318731248378,24.221458435058597,5.18373
43601,261612,100.0,9.722370180043072e-07,87.69649267196655,0.0217989590018987,254.231689453125,5.1205015
44473,266844,100.0,7.953391862732435e-06,87.8456175327301,0.0213822852820158,28.04373550415039,3.9806883
45362,272178,100.0,2.5875646466981075e-06,88.20350766181946,0.0207158327102661,10.379742622375488,7.0135965
46269,277620,100.0,8.434934519148857e-06,88.47017884254456,0.0202188864350318,166.11790466308594,4.8113127
47194,283170,100.0,1.0761889977099296e-05,88.69649171829224,0.0199942458420991,29.262357711791992,4.6325064
48137,288828,100.0,4.740991054556313e-07,89.02280926704407,0.0190932694822549,4.13703727722168,3.3110821
49099,294600,100.0,1.2313523711782182e-05,89.22631740570068,0.0187724847346544,32.82211685180664,4.358795
50080,300486,100.0,4.563376251098816e-06,89.26666975021362,0.0186098925769329,10.39232063293457,3.4696176
51081,306492,100.0,4.202180908426575e-07,89.54561352729797,0.0181945748627185,6.52840518951416,2.9602134
52102,312618,100.0,2.062716002152835e-06,89.77543711662292,0.0175440553575754,2.7503669261932373,1.5797896
53144,318870,100.0,1.9731802467504167e-06,89.80175852775574,0.0176660288125276,9.697230339050291,3.2938957
54206,325242,100.0,1.734038581465332e-06,89.93508815765381,0.0172396730631589,1.940532088279724,1.1358683
55290,331746,100.0,1.1344611057969207e-06,89.93684649467468,0.016874760389328,5.717765808105469,2.6367915
56395,338376,100.0,1.7469039050865831e-06,90.17719626426695,0.0166371427476406,2.3711154460906982,1.5776372
57522,345138,100.0,6.401488083914349e-06,90.29473662376404,0.0165048372000455,2.0463099479675293,1.0878155
58672,352038,100.0,1.1443312075698485e-07,90.30877351760864,0.016359781846404,8.546357154846191,3.401186
59845,359076,100.0,1.8699499311954545e-07,90.36315679550172,0.0163307934999465,3.1931421756744385,1.5660574
61041,366252,100.0,1.9561541838205203e-06,90.34386277198792,0.0165558997541666,1.810005068778992,0.4679527
62261,373572,100.0,9.043022780967172e-07,90.53158164024352,0.016148516908288,2.97593092918396,1.5082407
63506,381042,100.0,4.5462785417763974e-07,90.52631855010986,0.0161181576550006,4.3690714836120605,2.4955945
64776,388662,100.0,3.0656620234973764e-07,90.62631726264954,0.0162084996700286,2.2283270359039307,0.9237639
66071,396432,100.0,3.727194837210845e-06,90.8684253692627,0.0157576110213994,1.973933219909668,0.9053776
67392,404358,100.0,3.5075322178575634e-06,91.2333369255066,0.0156862046569585,4.963057041168213,2.829125
68739,412440,100.0,7.22375848027923e-08,90.99122881889345,0.0156720429658889,5.324860095977783,3.0517054
70113,420684,100.0,2.663365575491146e-07,90.7403528690338,0.0165713988244533,3.2228214740753174,1.6034842
71515,429096,100.0,4.753243487698455e-08,91.11754298210144,0.0157531686127185,1.547009825706482,0.3107007
72945,437676,100.0,8.502755595903484e-08,90.9473717212677,0.0160044860094785,3.042492389678955,2.0366178
74403,446424,100.0,8.873200651275206e-07,91.26315712928772,0.0154086332768201,2.986293077468872,1.6159207
75891,455352,100.0,5.924779748293456e-08,91.18421077728271,0.01566749997437,1.4697548151016235,0.20102337
77408,464454,100.0,1.0051922316733909e-07,91.24210476875304,0.0153552424162626,2.576067447662353,1.818016
78956,473742,100.0,1.204430901680098e-06,91.08596444129944,0.0152868386358022,1.99249279499054,1.012332
80535,483216,100.0,3.271014984799573e-07,90.90701937675476,0.0156161179766058,1.904206395149231,0.84887207
82145,492876,100.0,2.703842293764562e-07,91.2017583847046,0.0153566831722855,1.9691864252090452,0.8561727
83787,502728,100.0,2.471929979227146e-08,90.9807026386261,0.0152894463390111,2.2520382404327397,1.7017643
85462,512778,100.0,3.987196149542645e-07,90.97368717193604,0.0154181672260165,1.858853936195373,0.50747395
87171,523032,100.0,4.958642752702265e-07,91.12280607223512,0.0153843676671385,1.5624650716781616,0.2735185
88914,533490,100.0,3.6267963151222674e-08,91.12631678581238,0.0152637902647256,2.124445915222168,0.78417456
90692,544158,100.0,1.1648308036645481e-07,90.06491303443909,0.0161142982542514,2.69394326210022,1.1278638
92505,555036,100.0,2.3290804781102758e-07,90.21579027175903,0.015996666625142,1.6283825635910034,0.2688008
94355,566136,100.0,7.581419136926115e-08,90.71228504180908,0.0151599897071719,1.6123039722442627,0.09612316
96242,577458,100.0,5.474634292568226e-07,90.21579027175903,0.0160159338265657,2.7719342708587646,1.1344519
98166,589002,100.0,7.399696026292683e-07,89.93859887123108,0.0163780804723501,2.071041822433472,0.33740884
